Name,Price,Growth,Monthly Growth,Subs,Funds,Weeks,Trades,Winrate,DD
North East Way,30 USD,1 971%,Profit/Month: 14%,29,78K USD,112,2 211,69%,47%
BoomBuhTruh,30 USD,1 117%,Profit/Month: 11%,15,48K USD,139,1 765,70%,42%
Tree forest6,30 USD,1 041%,Profit/Month: 8%,11,19K USD,32,1 151,82%,40%
Breakthrough Strategy ICM,30 USD,892%,Profit/Month: 8%,9,340K USD,142,1 495,75%,31%
Aztec Empire,30 USD,533%,Profit/Month: 9%,326,1.4M USD,23,377,81%,24%
Hal Adullukom Ala Tijara,30 USD,415%,Profit/Month: 9%,22,33K USD,113,1 126,70%,16%
Hundred PIPS,30 USD,364%,Profit/Month: 9%,16,17K USD,19,214,61%,32%
True Profit,35 USD,401%,Profit/Month: 54%,31,35K USD,19,270,67%,26%
Derricks US FIFO No Hedge,30 USD,306%,Profit/Month: 7%,17,50K USD,27,458,81%,22%
Leon,30 USD,285%,Profit/Month: -6%,13,22K USD,60,229,63%,10%
IOS EURUSD MT4,30 USD,239%,Profit/Month: -1%,14,112K USD,41,147,71%,14%
Gold Trader,30 USD,242%,Profit/Month: 4%,19,87K USD,55,413,84%,17%
Ardana Sogi,4999 USD,573%,Profit/Month: 13%,98,205K USD,27,1 902,79%,39%
Raketa,30 USD,2 194%,Profit/Month: 8%,1,4.9K USD,227,2 258,72%,45%
Intensive,39 USD,197%,Profit/Month: 11%,17,24K USD,40,133,76%,9%
Firmum Fiduciam Motus,30 USD,309%,Profit/Month: 2%,4,5.9K USD,224,3 142,73%,28%
Retirement account,30 USD,106%,Profit/Month: 6%,37,224K USD,106,656,82%,20%
ICM01,30 USD,151%,Profit/Month: 22%,11,33K USD,37,3 611,76%,19%
FxInvesting,30 USD,286%,Profit/Month: 22%,10,20K USD,24,551,72%,31%
ZoomFxPro NewEnergy 1,30 USD,1 575%,Profit/Month: -15%,0,0 USD,160,897,48%,41%
Bushmills,30 USD,2 811%,Profit/Month: -23%,173,409K USD,108,2 981,96%,28%
Shikari,30 USD,1 289%,Profit/Month: 1%,4,19K USD,330,4 174,68%,33%
VK7777,30 USD,1 284%,Profit/Month: -6%,0,0 USD,213,1 113,74%,41%
Taspen,30 USD,2 843%,Profit/Month: 14%,2,3.1K USD,50,1 188,48%,51%
Koala,30 USD,241%,Profit/Month: 10%,2,7.5K USD,75,3 157,61%,41%
Biomechanoid,20 USD,145%,Profit/Month: 1%,9,36K USD,240,1 953,86%,24%
ZoomFxPro NewEnergy 2,30 USD,1 137%,Profit/Month: -19%,0,0 USD,160,901,47%,39%
WellMaxROBOT,40 USD,101%,Profit/Month: 7%,39,342K USD,27,1 460,76%,14%
Fast Way,30 USD,123%,Profit/Month: 16%,10,29K USD,31,260,73%,34%
Terbo Auto1,30 USD,1 114%,Profit/Month: 42%,0,0 USD,26,679,72%,40%
Profitable signal second,30 USD,144%,Profit/Month: 18%,17,75K USD,29,98,90%,36%
GapFixer Gap2,30 USD,872%,Profit/Month: -6%,0,0 USD,109,2 404,56%,32%
Small Fund Trader 3,1000 USD,519%,Profit/Month: 7%,7,5.6K USD,68,448,72%,29%
Martin Gale Gold Spot MT4,30 USD,891%,Profit/Month: 20%,1,6.1K USD,80,4 380,79%,38%
Invest24,40 USD,757%,Profit/Month: 4%,92,9.5M USD,152,7 881,71%,27%
Quant Trading Moderate Risk,99 USD,794%,Profit/Month: 17%,0,0 USD,79,6 026,78%,31%
AsiaBankFx,20 USD,349%,Profit/Month: 4%,1,17 USD,233,3 943,77%,39%
SFE Night Scalper,40 USD,684%,Profit/Month: 2%,2,95K USD,250,13 688,65%,34%
EU GUru,30 USD,680%,Profit/Month: 8%,1,874 USD,175,3 494,79%,20%
ICMarkets,30 USD,685%,Profit/Month: -1%,0,0 USD,137,10 046,77%,31%
FOXX24,30 USD,678%,Profit/Month: 3%,0,0 USD,200,4 965,60%,35%
DAINESE A,30 USD,697%,Profit/Month: 10%,1,5.7K USD,85,2 496,68%,35%
Confident Trading,30 USD,64%,Profit/Month: -2%,12,23K USD,44,128,67%,41%
QQWX415651654,30 USD,754%,Profit/Month: 4%,0,0 USD,21,80,76%,38%
ICMarkets EURUSD,30 USD,611%,Profit/Month: -2%,1,14 USD,135,9 541,77%,27%
Greezly,30 USD,669%,Profit/Month: 2%,3,3.4K USD,98,421,70%,36%
WayOff,30 USD,1 812%,Profit/Month: 77%,1,0 USD,25,113,66%,37%
YiDi wind,30 USD,842%,Profit/Month: -38%,4,5.4K USD,97,461,49%,49%
Millionaire EURCAD,30 USD,111%,Profit/Month: 5%,0,0 USD,70,754,68%,37%
SWin,50 USD,551%,Profit/Month: -5%,0,0 USD,93,705,45%,24%
Kaka Itrading TOP,100 USD,591%,Profit/Month: 4%,4,2.9M USD,121,17 293,67%,32%
Growth gene,30 USD,612%,Profit/Month: 11%,1,266 USD,97,1 379,77%,45%
UPTREND FX,30 USD,835%,Profit/Month: 56%,0,0 USD,27,389,41%,35%
Safe EA Project,30 USD,528%,Profit/Month: 0%,0,0 USD,89,214,61%,31%
GoWinCrossNC,30 USD,497%,Profit/Month: 2%,0,0 USD,331,10 460,67%,42%
ForexRealProfitEA FRPEU,30 USD,471%,Profit/Month: 5%,1,26 USD,373,7 482,64%,27%
Yellow mouse Conservative,39 USD,668%,Profit/Month: 3%,0,0 USD,165,1 459,70%,31%
EA Hope V5,30 USD,526%,Profit/Month: 6%,2,2.2K USD,113,1 187,75%,45%
Turboscalping,30 USD,526%,Profit/Month: 10%,0,0 USD,265,3 656,70%,45%
WeRichTradingBlogSpotCom1,30 USD,861%,Profit/Month: -21%,2,911 USD,28,110,60%,49%
ForexRealProfitEA FRPEU FRPGU,40 USD,647%,Profit/Month: 4%,1,5.8K USD,346,1 032,57%,36%
Advanced Scalper long term account,30 USD,456%,Profit/Month: -21%,0,0 USD,236,5 519,73%,43%
RML,30 USD,438%,Profit/Month: -7%,0,0 USD,35,664,81%,39%
SECURE MONTHLY PERFORMANCE,30 USD,464%,Profit/Month: 3%,0,0 USD,87,642,64%,45%
TRADING DAILY,30 USD,413%,Profit/Month: -4%,0,0 USD,130,981,80%,34%
AlphaDayWalker,30 USD,792%,Profit/Month: 0%,0,0 USD,290,12 593,77%,38%
FOK 4,30 USD,472%,Profit/Month: -17%,1,4.4K USD,16,531,53%,32%
AsianPower,30 USD,415%,Profit/Month: 0%,0,0 USD,145,4 200,69%,43%
DgEkvaIC,35 USD,390%,Profit/Month: 2%,0,0 USD,192,1 863,79%,40%
WebMasterMaksim Q Exness,30 USD,381%,Profit/Month: 4%,1,0 USD,89,1 154,65%,8%
Dogma Invest,30 USD,374%,Profit/Month: 1%,1,24K USD,202,13 086,55%,39%
Perpetuum Mobile by NPM23,30 USD,395%,Profit/Month: 1%,0,0 USD,226,5 601,70%,43%
WebMasterMaksim 31,30 USD,370%,Profit/Month: 4%,1,107 USD,96,1 472,65%,18%
PGP Profit,30 USD,368%,Profit/Month: 5%,0,0 USD,243,2 996,72%,30%
True Range,30 USD,358%,Profit/Month: 12%,4,12K USD,75,804,78%,35%
DAINESE B,30 USD,357%,Profit/Month: -11%,0,0 USD,81,1 293,66%,20%
QG MutiEA trade,30 USD,595%,Profit/Month: 60%,1,9 USD,22,589,84%,45%
DAINESE C,30 USD,349%,Profit/Month: -2%,0,0 USD,56,856,70%,27%
Invest Pro,31.99 USD,783%,Profit/Month: -25%,4,6.1K USD,16,478,76%,35%
My very best,30 USD,328%,Profit/Month: 2%,0,0 USD,154,2 206,73%,37%
Pityuks EA XM cent,1000 USD,777%,Profit/Month: 6%,1,0 USD,36,744,64%,25%
Libazol,30 USD,424%,Profit/Month: 12%,0,0 USD,75,150,79%,47%
Shark Scalper Pro Low Risk,30 USD,460%,Profit/Month: 16%,0,0 USD,21,1 376,86%,45%
Prado JPY risk 3 prc,39 USD,330%,Profit/Month: 49%,0,0 USD,34,123,48%,24%
Night Bot,30 USD,288%,Profit/Month: -3%,0,0 USD,126,2 228,71%,33%
KTN 01,35 USD,300%,Profit/Month: 0%,0,0 USD,107,553,50%,21%
Draco FX,30 USD,61%,Profit/Month: 11%,0,0 USD,70,817,68%,44%
MyEnlightenment,30 USD,276%,Profit/Month: 2%,0,0 USD,210,4 432,71%,30%
J Scalping 713,30 USD,295%,Profit/Month: -2%,1,52 USD,17,601,76%,30%
Rocket EA GBPUSD,30 USD,422%,Profit/Month: 73%,7,3.7K USD,16,37,72%,49%
ICM TS 2019,30 USD,4 210%,Profit/Month: -5%,0,0 USD,63,6 334,63%,52%
CYJQR,30 USD,277%,Profit/Month: 19%,2,3.3K USD,73,1 837,71%,30%
Night owl 2,30 USD,271%,Profit/Month: 0%,0,0 USD,131,1 491,71%,19%
Hassassin419,30 USD,297%,Profit/Month: 3%,0,0 USD,94,4 094,70%,44%
Zhdun2020,30 USD,273%,Profit/Month: 26%,0,0 USD,26,333,48%,26%
ProdigyScalping,30 USD,328%,Profit/Month: 24%,0,0 USD,18,112,85%,41%
Stream,30 USD,316%,Profit/Month: -25%,0,0 USD,14,47,61%,39%
Instrumental,30 USD,247%,Profit/Month: -13%,0,0 USD,42,613,65%,28%
Vixion Ea Plus,30 USD,331%,Profit/Month: 10%,0,0 USD,22,387,80%,35%
Belkaglazer S,30 USD,246%,Profit/Month: 5%,0,0 USD,142,441,74%,38%
AS Nasdaq DayTrade 4275,30 USD,275%,Profit/Month: -16%,0,0 USD,15,123,39%,42%
FXC Gold Pack 01,30 USD,241%,Profit/Month: 12%,1,235 USD,109,440,49%,36%
Hedwig GMI,49.99 USD,241%,Profit/Month: 13%,0,0 USD,54,749,63%,31%
BerrysBonusBonanaza,30 USD,241%,Profit/Month: 9%,0,0 USD,92,3 502,60%,36%
NO GAME,30 USD,254%,Profit/Month: -9%,0,0 USD,17,263,72%,28%
Istikomah profit,30 USD,639%,Profit/Month: 2%,0,0 USD,138,438,81%,50%
CruiserPro_2,30 USD,238%,Profit/Month: 9%,1,0 USD,33,3 320,69%,37%
FCB Signal,30 USD,234%,Profit/Month: 6%,1,12 USD,115,1 689,75%,30%
Ria Agustine,30 USD,239%,Profit/Month: 3%,1,3.5K USD,58,493,60%,38%
GerFX Forex Cyborg Darwinex,50 USD,228%,Profit/Month: 6%,1,114 USD,160,2 303,70%,29%
ARCHER Calm,30 USD,105%,Profit/Month: 8%,13,8K USD,13,214,85%,5%
EURCHF,30 USD,238%,Profit/Month: -10%,0,0 USD,139,2 597,84%,25%
Cambist,30 USD,636%,Profit/Month: 30%,0,0 USD,14,198,55%,38%
Snipers Momentum,30 USD,222%,Profit/Month: 5%,0,0 USD,60,250,57%,39%
Trend M,99999 USD,553%,Profit/Month: 25%,0,0 USD,93,2 910,62%,37%
EaBang 11,49 USD,216%,Profit/Month: 1%,0,0 USD,56,2 763,75%,27%
Standard,40 USD,290%,Profit/Month: 13%,4,3.7K USD,31,690,87%,44%
Bear Vs Bull IC Markets,30 USD,213%,Profit/Month: -3%,1,13 USD,169,2 473,76%,15%
Ciro Novaes,30 USD,1 352%,Profit/Month: -8%,0,0 USD,30,592,92%,43%
Vixion Ea Pro,30 USD,210%,Profit/Month: 12%,0,0 USD,35,365,78%,28%
Fxprotrader,30 USD,369%,Profit/Month: 3%,0,0 USD,89,1 839,90%,19%
Variator,35 USD,249%,Profit/Month: 36%,2,1.5K USD,14,318,76%,36%
FPS Trading,30 USD,212%,Profit/Month: 12%,0,0 USD,24,2 312,72%,38%
Renko Saw,50 USD,206%,Profit/Month: 4%,1,2.8K USD,34,908,72%,20%
FengHui,30 USD,302%,Profit/Month: 2%,0,0 USD,160,17 246,60%,25%
ICMARKETS 562,30 USD,205%,Profit/Month: 3%,1,0 USD,150,3 869,77%,19%
Crypto and Gold,30 USD,206%,Profit/Month: -2%,0,0 USD,56,353,63%,26%
Neuro Bot Trading,30 USD,201%,Profit/Month: -1%,0,0 USD,139,1 907,70%,36%
Breakthrough for Experiments,30 USD,202%,Profit/Month: 5%,0,0 USD,128,652,73%,25%
DAINESE F,30 USD,197%,Profit/Month: 9%,0,0 USD,66,802,67%,22%
Magic signal,50 USD,216%,Profit/Month: 31%,0,0 USD,26,450,64%,42%
KI Optimized v2001,30 USD,197%,Profit/Month: 4%,0,0 USD,73,721,72%,28%
One Trade,30 USD,888%,Profit/Month: 42%,1,1.4K USD,23,207,50%,24%
DgC32WT,30 USD,197%,Profit/Month: 2%,1,0 USD,116,909,66%,34%
ICMARKETS 208,30 USD,188%,Profit/Month: 1%,4,3.3K USD,153,3 063,78%,19%
Sixty One Capital Cash Flow Forex,30 USD,193%,Profit/Month: 4%,0,0 USD,50,3 180,48%,31%
Tryfoss 23 EA since 2019,50 USD,192%,Profit/Month: -3%,0,0 USD,82,1 454,60%,31%
G Cycle Trader,39 USD,202%,Profit/Month: 12%,3,4.4K USD,28,548,61%,27%
NightTrader Mix ICM,20 USD,259%,Profit/Month: 5%,1,0 USD,182,2 655,87%,23%
My EA trading,30 USD,139%,Profit/Month: -1%,41,26K USD,17,47,97%,19%
Neutral Sky,30 USD,444%,Profit/Month: 4%,0,0 USD,33,260,95%,36%
Status Silver EA,30 USD,205%,Profit/Month: 6%,0,0 USD,91,178,77%,44%
Edge mvf,35 USD,190%,Profit/Month: 27%,0,0 USD,34,760,65%,25%
Ninja Trainer,20 USD,188%,Profit/Month: 11%,0,0 USD,257,1 840,75%,41%
AF DR Scalper Pro,125 USD,225%,Profit/Month: 4%,0,0 USD,22,2 533,79%,11%
DTC 995x10,100 USD,189%,Profit/Month: 12%,0,0 USD,34,468,69%,18%
ScalpingX3,30 USD,193%,Profit/Month: 1%,0,0 USD,56,1 390,84%,37%
Lomar ICMarkets 01,30 USD,185%,Profit/Month: 25%,0,0 USD,28,543,80%,30%
BFG,30 USD,207%,Profit/Month: 28%,0,0 USD,36,226,85%,24%
Falcon,30 USD,174%,Profit/Month: 6%,4,256K USD,36,345,54%,18%
DgKiiW,30 USD,209%,Profit/Month: 1%,0,0 USD,195,2 773,65%,46%
Quant Inv2,40 USD,202%,Profit/Month: 9%,0,0 USD,60,1 097,70%,45%
New EA,30 USD,293%,Profit/Month: 5%,1,35 USD,52,2 015,63%,49%
TBS4 fin singleTF,35 USD,178%,Profit/Month: 5%,0,0 USD,50,190,35%,18%
HappyCash008 Oanda MT4,30 USD,180%,Profit/Month: -2%,0,0 USD,29,171,60%,24%
ICMARKETS 783,30 USD,178%,Profit/Month: 2%,0,0 USD,159,2 537,81%,27%
Muilt Ai 1,30 USD,222%,Profit/Month: 30%,0,0 USD,21,1 502,75%,26%
EasyWork,30 USD,173%,Profit/Month: 11%,0,0 USD,43,637,54%,30%
TradeToday Risk 1,85 USD,175%,Profit/Month: 23%,1,0 USD,57,634,47%,23%
EU Closing Market MEDIUM RISK,30 USD,169%,Profit/Month: -6%,0,0 USD,46,2 636,57%,17%
Grid Pro,30 USD,187%,Profit/Month: 3%,0,0 USD,81,457,80%,44%
TridentHKK50,45 USD,167%,Profit/Month: 2%,0,0 USD,20,78,56%,20%
Low Risk High Gain Yearly,30 USD,167%,Profit/Month: -5%,0,0 USD,51,603,61%,39%
NASDAQ Trade in hands,30 USD,275%,Profit/Month: 12%,1,0 USD,50,1 085,90%,25%
Greenpips,30 USD,172%,Profit/Month: 11%,0,0 USD,29,431,58%,42%
EMS testing with News and VIX Filter,35 USD,165%,Profit/Month: 1%,0,0 USD,169,2 514,67%,39%
Bushmills Reborn,30 USD,42%,Profit/Month: -12%,8,45K USD,47,1 028,92%,28%
Step by step,30 USD,158%,Profit/Month: 8%,1,0 USD,56,737,35%,19%
Blazar,30 USD,193%,Profit/Month: 9%,0,0 USD,67,403,82%,46%
Alp scalper,30 USD,156%,Profit/Month: 5%,0,0 USD,160,5 260,70%,34%
Tevet Capital,30 USD,197%,Profit/Month: 6%,1,0 USD,220,15 526,46%,47%
BreakOutScalperFP,40 USD,303%,Profit/Month: 33%,0,0 USD,17,206,62%,49%
M2PRO,30 USD,167%,Profit/Month: 36%,0,0 USD,21,321,63%,33%
WebMasterMaksim BF,30 USD,177%,Profit/Month: 19%,0,0 USD,24,525,69%,33%
Automatic Real Pips,30 USD,162%,Profit/Month: 12%,0,0 USD,63,305,72%,38%
FeelGood,30 USD,153%,Profit/Month: 7%,0,0 USD,186,860,64%,28%
Banker,30 USD,151%,Profit/Month: -1%,0,0 USD,136,2 463,68%,25%
Dream Big,30 USD,163%,Profit/Month: 29%,0,0 USD,13,51,60%,23%
Olaf2,39 USD,162%,Profit/Month: 22%,0,0 USD,13,402,79%,25%
Fxindo22,30 USD,228%,Profit/Month: 2%,0,0 USD,89,3 213,77%,48%
TranslatorRobo,30 USD,151%,Profit/Month: 12%,0,0 USD,69,146,36%,35%
Perfect Score,30 USD,415%,Profit/Month: 43%,72,178K USD,16,41,100%,12%
ICE AND FIRE,30 USD,152%,Profit/Month: -11%,0,0 USD,41,1 406,64%,39%
SDBG Tokyo Trade,30 USD,149%,Profit/Month: -1%,1,450 USD,120,4 272,69%,26%
AutoPST EX REAL,30 USD,149%,Profit/Month: 2%,0,0 USD,252,475,65%,29%
CruiserPro78,30 USD,225%,Profit/Month: 9%,0,0 USD,22,823,62%,48%
GapFixer Gap1,30 USD,1 193%,Profit/Month: 0%,0,0 USD,110,2 339,59%,31%
YiDione,300 USD,367%,Profit/Month: -18%,0,0 USD,92,206,42%,36%
BG Night Mix,30 USD,148%,Profit/Month: -2%,0,0 USD,133,2 046,80%,20%
DiverPNZ,30 USD,150%,Profit/Month: 12%,0,0 USD,45,113,76%,34%
BG Robonight,20 USD,156%,Profit/Month: 0%,0,0 USD,179,949,81%,36%
Sunrise RUR,30 USD,144%,Profit/Month: 0%,0,0 USD,189,4 758,70%,24%
Triton FX,30 USD,145%,Profit/Month: 7%,0,0 USD,82,947,70%,32%
Vesperium PAMM,30 USD,143%,Profit/Month: 2%,1,8.8K USD,152,4 752,77%,26%
BrCanada,30 USD,142%,Profit/Month: 7%,1,2.9K USD,80,1 854,69%,27%
KOB EURUSD KushChehra,39 USD,165%,Profit/Month: -4%,0,0 USD,44,2 620,78%,43%
Hasty412 WT,37 USD,144%,Profit/Month: 0%,0,0 USD,19,1 752,63%,38%
BG Grid 2,30 USD,140%,Profit/Month: 4%,0,0 USD,81,1 140,72%,34%
B1,36 USD,143%,Profit/Month: 3%,0,0 USD,55,819,78%,39%
Candelabrum Quiet,30 USD,259%,Profit/Month: -5%,0,0 USD,102,454,70%,25%
LifeHua20190620,30 USD,140%,Profit/Month: 21%,0,0 USD,52,331,58%,12%
FRAS,30 USD,138%,Profit/Month: -1%,0,0 USD,91,2 795,70%,33%
Winds of trade,30 USD,151%,Profit/Month: 6%,0,0 USD,80,321,84%,31%
Martimax V1 fbs,30 USD,146%,Profit/Month: 5%,1,20K USD,30,247,84%,17%
Ecjtucjtu01,40 USD,137%,Profit/Month: -7%,0,0 USD,30,417,54%,10%
Quantum trading algorithm,99 USD,145%,Profit/Month: 5%,1,0 USD,84,1 440,83%,11%
Morning Scalping EA,30 USD,132%,Profit/Month: -5%,0,0 USD,61,2 435,51%,34%
GerFX QuantFlow Scalper and NW EA,50 USD,416%,Profit/Month: -2%,0,0 USD,161,4 506,72%,17%
RUSDragon,49 USD,440%,Profit/Month: 55%,0,0 USD,19,365,68%,51%
QRobot,38 USD,931%,Profit/Month: 17%,2,102K USD,95,3 422,69%,54%
Steady growth daily,30 USD,138%,Profit/Month: 10%,0,0 USD,19,758,75%,28%
Steel Desman,30 USD,128%,Profit/Month: 9%,0,0 USD,35,837,76%,26%
Robot JMS,30 USD,127%,Profit/Month: 0%,0,0 USD,39,2 356,50%,14%
Calm Investor,40 USD,133%,Profit/Month: 9%,1,484 USD,58,707,82%,36%
NightWorker,30 USD,326%,Profit/Month: 17%,0,0 USD,72,893,68%,51%
FxclearBridge,30 USD,172%,Profit/Month: 54%,0,0 USD,11,78,80%,21%
Treasure Hunt,30 USD,122%,Profit/Month: 5%,0,0 USD,269,2 147,49%,27%
GoLdenKey,33 USD,151%,Profit/Month: 26%,0,0 USD,14,67,83%,34%
Trendstrategie,30 USD,227%,Profit/Month: 41%,1,2.9K USD,10,993,67%,40%
AS Pushkin PAMM INVEST,30 USD,342%,Profit/Month: 7%,0,0 USD,103,2 309,74%,52%
STABILITY20 PRO,30 USD,104%,Profit/Month: 0%,5,1.7K USD,20,200,63%,20%
PROTOTYPE,35 USD,126%,Profit/Month: 15%,0,0 USD,23,102,72%,36%
MYbingying7,30 USD,149%,Profit/Month: 15%,0,0 USD,18,2 893,68%,32%
Lv1,30 USD,134%,Profit/Month: 36%,0,0 USD,11,1 040,68%,23%
Day and Night Trading,30 USD,117%,Profit/Month: -7%,0,0 USD,156,6 136,66%,35%
Marty,30 USD,233%,Profit/Month: 1%,0,0 USD,161,709,74%,30%
Knight v1,30 USD,137%,Profit/Month: 10%,1,4.8K USD,22,382,74%,7%
DUNSHAN,30 USD,118%,Profit/Month: 2%,1,0 USD,105,560,71%,13%
Master Gold EA HotForex,89 USD,161%,Profit/Month: 5%,1,5.7K USD,14,1 738,60%,47%
MERCURY USDJPY R4,49 USD,2 258%,Profit/Month: 7%,0,0 USD,47,176,75%,57%
EURO USD TRADING,30 USD,114%,Profit/Month: 3%,0,0 USD,115,1 038,66%,31%
DUNSHAN2,30 USD,118%,Profit/Month: 2%,0,0 USD,31,171,49%,31%
AutoBots,30 USD,113%,Profit/Month: 7%,0,0 USD,21,208,68%,12%
Martin2017,40 USD,767%,Profit/Month: 3%,0,0 USD,179,6 713,81%,44%
DAM 152,30 USD,112%,Profit/Month: 6%,0,0 USD,86,5 861,61%,12%
Mega 2,30 USD,593%,Profit/Month: 1%,0,0 USD,66,1 784,94%,47%
SAFE FOREX,30 USD,111%,Profit/Month: 5%,0,0 USD,64,2 103,69%,24%
Jack,30 USD,111%,Profit/Month: 1%,0,0 USD,140,1 041,62%,7%
GBALONGASIA,30 USD,111%,Profit/Month: 4%,0,0 USD,48,1 234,66%,34%
ICM index,30 USD,116%,Profit/Month: 1%,0,0 USD,64,297,73%,26%
HashtagINVESTMENT,67 USD,114%,Profit/Month: 14%,1,8.1K USD,21,1 511,58%,34%
Algo Hybrid Strategy,30 USD,110%,Profit/Month: -2%,0,0 USD,19,77,58%,6%
Solnce 3,30 USD,109%,Profit/Month: -4%,0,0 USD,114,1 720,71%,39%
Money To Money,30 USD,108%,Profit/Month: -10%,0,0 USD,21,94,50%,30%
TBS4 fin MultiTF,40 USD,109%,Profit/Month: -10%,0,0 USD,35,155,34%,15%
CruiserPro86,30 USD,247%,Profit/Month: 7%,0,0 USD,39,7 347,66%,45%
Bubble gum,40 USD,264%,Profit/Month: 48%,1,8.1K USD,16,2 287,74%,49%
Jyscalper12,30 USD,107%,Profit/Month: -9%,0,0 USD,67,4 624,69%,29%
FX Future,30 USD,110%,Profit/Month: 5%,2,731 USD,17,1 256,81%,15%
BST EA moderate aggressive strategy,30 USD,107%,Profit/Month: 18%,0,0 USD,104,1 534,65%,27%
WebMasterMaksim Q,30 USD,105%,Profit/Month: 3%,0,0 USD,113,1 245,65%,28%
H1Signals,30 USD,127%,Profit/Month: -13%,0,0 USD,38,348,43%,25%
ECH5AUTO,30 USD,105%,Profit/Month: 17%,0,0 USD,25,165,68%,21%
Afterburner EA,30 USD,113%,Profit/Month: 1%,0,0 USD,227,2 436,63%,26%
Santo Vibby,1000 USD,344%,Profit/Month: 27%,0,0 USD,13,828,67%,35%
MS 50 7278670,30 USD,111%,Profit/Month: 13%,0,0 USD,25,326,82%,34%
Robotrading ICM High Risk,100 USD,130%,Profit/Month: 17%,0,0 USD,22,617,78%,46%
GBAMt4accountA,30 USD,103%,Profit/Month: -2%,0,0 USD,55,260,68%,13%
Excellent signal,30 USD,104%,Profit/Month: 7%,0,0 USD,50,2 053,70%,14%
Fund Manager,30 USD,135%,Profit/Month: 1%,1,57K USD,104,2 206,86%,44%
OrderGrid_Vika,30 USD,266%,Profit/Month: 14%,0,0 USD,79,572,94%,47%
LowRisk Trading,30 USD,106%,Profit/Month: 17%,0,0 USD,37,1 278,81%,25%
MOCtrade 1st Gen,300 USD,293%,Profit/Month: 11%,0,0 USD,63,184,84%,37%
DLB,30 USD,161%,Profit/Month: 13%,1,1.1K USD,24,1 333,84%,24%
Huang yongjian,30 USD,110%,Profit/Month: 18%,0,0 USD,10,392,68%,34%
XavierTrader,30 USD,153%,Profit/Month: -7%,0,0 USD,21,429,78%,48%
Calm investing,30 USD,235%,Profit/Month: 7%,19,32K USD,36,245,97%,30%
CYKJ,60 USD,102%,Profit/Month: 14%,0,0 USD,73,1 616,78%,34%
TapeTrading,30 USD,100%,Profit/Month: 1%,0,0 USD,113,1 221,66%,11%
Ramobomb1,100 USD,181%,Profit/Month: 3%,0,0 USD,83,198,91%,23%
H4 4,30 USD,101%,Profit/Month: 10%,1,3.8K USD,19,220,77%,11%
Elhassan Aly Hassan Morgan,150 USD,133%,Profit/Month: 3%,0,0 USD,25,125,68%,27%
Basket Trend Trading,30 USD,20%,Profit/Month: 3%,0,0 USD,134,2 342,61%,25%
TanacityPRO,50 USD,99%,Profit/Month: 2%,0,0 USD,52,1 431,43%,35%
HappyCash168 Oanda MT4,30 USD,100%,Profit/Month: -2%,0,0 USD,21,124,60%,17%
GFO2080 10000,30 USD,1 443%,Profit/Month: 55%,0,0 USD,82,285,83%,25%
Daily 500,30 USD,308%,Profit/Month: 37%,0,0 USD,10,425,79%,37%
QS Good1,39 USD,115%,Profit/Month: 31%,0,0 USD,11,760,72%,15%
Yidian123,30 USD,349%,Profit/Month: -36%,0,0 USD,73,246,58%,52%
Arash03,30 USD,153%,Profit/Month: 46%,0,0 USD,8,202,69%,28%
Infinity FX,30 USD,95%,Profit/Month: 13%,0,0 USD,51,625,72%,28%
ABCyidi,300 USD,268%,Profit/Month: -23%,0,0 USD,99,531,49%,46%
RAMO LOW RISK G,100 USD,177%,Profit/Month: 4%,0,0 USD,93,255,92%,38%
MadMonkeyLabTeamG,99 USD,101%,Profit/Month: 33%,0,0 USD,27,443,48%,23%
Pityuks EA IC Markets,30 USD,94%,Profit/Month: 9%,2,4.8K USD,15,382,62%,24%
Kawi,200 USD,159%,Profit/Month: -1%,0,0 USD,171,4 072,54%,9%
Tradelikeapro,31 USD,311%,Profit/Month: 1%,0,0 USD,143,1 617,78%,52%
ARCHER Moderate,30 USD,560%,Profit/Month: 15%,8,53K USD,13,152,88%,8%
CT Insta 2,30 USD,100%,Profit/Month: 35%,0,0 USD,10,105,61%,13%
Jack BA Signal 200,40 USD,136%,Profit/Month: 1%,0,0 USD,64,974,87%,42%
PT Pro,30 USD,96%,Profit/Month: 24%,0,0 USD,11,1 188,63%,33%
Triangle Trend System,20 USD,89%,Profit/Month: -3%,0,0 USD,305,1 441,65%,36%
R Factor Mean Reversal,30 USD,89%,Profit/Month: 4%,0,0 USD,25,1 525,69%,20%
Hedged B,30 USD,94%,Profit/Month: 4%,0,0 USD,55,1 961,60%,43%
DAINESE D,30 USD,225%,Profit/Month: 1%,0,0 USD,85,1 170,67%,39%
Never Settle,50 USD,92%,Profit/Month: -14%,0,0 USD,12,125,50%,22%
PONDALFX,30 USD,90%,Profit/Month: 21%,0,0 USD,42,308,66%,15%
Datainversores,30 USD,90%,Profit/Month: 4%,0,0 USD,19,139,61%,30%
SYSTEMAXAUTO,30 USD,90%,Profit/Month: 17%,0,0 USD,34,827,65%,29%
ProjectMoneyPrinter,30 USD,123%,Profit/Month: -7%,0,0 USD,44,740,52%,48%
DUNSHAN3,30 USD,90%,Profit/Month: -8%,0,0 USD,76,458,78%,14%
GoldHunter,48 USD,99%,Profit/Month: 15%,8,24K USD,37,199,80%,19%
Victory,30 USD,103%,Profit/Month: 31%,0,0 USD,10,143,60%,44%
ACTIVE MANUAL BANDAS H4,30 USD,1 182%,Profit/Month: 24%,3,884 USD,56,2 537,96%,53%
PipHero Pro,50 USD,89%,Profit/Month: -17%,0,0 USD,12,232,44%,38%
LCZ,100 USD,93%,Profit/Month: 6%,0,0 USD,46,773,82%,25%
CYD,30 USD,117%,Profit/Month: 13%,0,0 USD,32,1 664,72%,42%
Grupollinvestimentosagressivo,30 USD,86%,Profit/Month: 3%,0,0 USD,35,248,49%,24%
Tempest,50 USD,87%,Profit/Month: 7%,0,0 USD,84,733,74%,39%
Laser Autotrader ActivTrades,30 USD,194%,Profit/Month: 21%,0,0 USD,16,1 652,57%,28%
Start2,30 USD,86%,Profit/Month: -8%,0,0 USD,119,1 136,63%,39%
Forex Weekly Forecast,30 USD,85%,Profit/Month: 7%,0,0 USD,29,522,44%,30%
Lomar ICMarkets 02 EUR,30 USD,87%,Profit/Month: 23%,0,0 USD,23,367,80%,22%
Enigma,99 USD,107%,Profit/Month: -22%,0,0 USD,23,235,74%,24%
The Solomon Fund,30 USD,88%,Profit/Month: 24%,0,0 USD,18,297,80%,33%
Blackrain,50 USD,85%,Profit/Month: -1%,0,0 USD,127,16 657,68%,32%
TFollower R,100 USD,100%,Profit/Month: 2%,0,0 USD,128,256,56%,29%
GerFX Momentum Capture EA,50 USD,111%,Profit/Month: 0%,0,0 USD,167,2 513,55%,32%
WebMasterMaksim NPBFX,30 USD,89%,Profit/Month: 2%,2,9K USD,60,896,63%,23%
Quadrant Welfare,45 USD,83%,Profit/Month: 3%,0,0 USD,182,2 444,72%,15%
QS Good,39 USD,93%,Profit/Month: 34%,0,0 USD,11,471,74%,19%
Credit,30 USD,265%,Profit/Month: 13%,0,0 USD,53,404,96%,49%
AlgoBuy Trend,30 USD,102%,Profit/Month: -25%,0,0 USD,42,263,46%,47%
Crixalis,100 USD,87%,Profit/Month: 4%,0,0 USD,17,282,77%,24%
Q Project 1 Stable Risk,30 USD,269%,Profit/Month: 22%,0,0 USD,13,1 125,73%,51%
Mhb WPR,30 USD,156%,Profit/Month: 12%,0,0 USD,71,154,74%,50%
WebMasterMaksim Q alpari,30 USD,81%,Profit/Month: 4%,0,0 USD,69,1 217,67%,14%
ICNH20,30 USD,82%,Profit/Month: 16%,0,0 USD,24,570,75%,26%
SOULFOOD,50 USD,83%,Profit/Month: -7%,0,0 USD,14,126,73%,35%
Rb EU 790,30 USD,82%,Profit/Month: 11%,0,0 USD,15,959,69%,30%
MBG239283,30 USD,81%,Profit/Month: 3%,1,0 USD,107,1 075,64%,5%
Neural selected pair,30 USD,80%,Profit/Month: -1%,1,3.7K USD,50,237,46%,13%
FxTrendSystem,30 USD,83%,Profit/Month: 6%,0,0 USD,18,131,80%,8%
Cycle,20 USD,159%,Profit/Month: 0%,0,0 USD,225,1 223,72%,22%
Fadakafx Capital,30 USD,188%,Profit/Month: 8%,0,0 USD,18,264,70%,51%
Invest24 New,40 USD,9%,Profit/Month: 5%,15,84K USD,9,267,78%,23%
Belkaglazer EA ICMarkets,30 USD,79%,Profit/Month: 1%,1,969 USD,182,2 305,60%,10%
Accrt profit 01,30 USD,333%,Profit/Month: 16%,0,0 USD,57,71,91%,30%
Protocol Impact,33 USD,85%,Profit/Month: 9%,0,0 USD,19,1 300,57%,43%
Good Scalper EA,45 USD,220%,Profit/Month: 10%,0,0 USD,49,380,81%,3%
Amazarasi,30 USD,99%,Profit/Month: 15%,0,0 USD,70,2 476,74%,46%
ProSystem Philip,30 USD,147%,Profit/Month: 21%,1,1.5K USD,25,308,86%,19%
YDeur,300 USD,257%,Profit/Month: -33%,0,0 USD,103,487,50%,47%
SFE Night Scalper EURCHF,40 USD,208%,Profit/Month: 1%,0,0 USD,233,4 935,63%,47%
Purrfection,30 USD,79%,Profit/Month: 0%,0,0 USD,187,989,66%,15%
TTRA,30 USD,77%,Profit/Month: 1%,0,0 USD,93,1 017,60%,21%
JG Master Trading,30 USD,269%,Profit/Month: -1%,0,0 USD,85,2 359,62%,52%
Lokomotiv 02,60 USD,262%,Profit/Month: 75%,1,9.4K USD,73,3 441,89%,26%
BM Robot Gold,30 USD,102%,Profit/Month: 6%,1,0 USD,87,258,84%,27%
Dublicator 5k,30 USD,90%,Profit/Month: 21%,0,0 USD,8,752,70%,25%
Honey XM UltraLowMicro 1,40 USD,79%,Profit/Month: -11%,0,0 USD,21,470,78%,24%
ZeroSumGame,50 USD,83%,Profit/Month: 24%,0,0 USD,9,1 130,59%,16%
TrandInvest,30 USD,102%,Profit/Month: 13%,0,0 USD,44,849,59%,47%
NightVisionEA ICM,30 USD,76%,Profit/Month: 6%,0,0 USD,27,561,72%,15%
Money Maker,30 USD,170%,Profit/Month: 9%,0,0 USD,7,78,70%,31%
Profit Fixation F 4,30 USD,90%,Profit/Month: 28%,0,0 USD,8,121,81%,27%
OnlyGoldFXm5,30 USD,153%,Profit/Month: 13%,0,0 USD,18,1 322,73%,37%
Trade Pro,30 USD,76%,Profit/Month: -5%,0,0 USD,32,202,55%,18%
XAUUSD WAVE,50 USD,78%,Profit/Month: 15%,0,0 USD,11,219,63%,16%
RobotTA,30 USD,75%,Profit/Month: 2%,1,43 USD,90,573,60%,10%
EURUSD Sniper Plus,30 USD,136%,Profit/Month: 22%,0,0 USD,29,340,91%,36%
Good night,30 USD,164%,Profit/Month: -33%,1,62 USD,19,3 753,70%,44%
INSTAFOMNI,39 USD,75%,Profit/Month: -11%,0,0 USD,14,943,76%,17%
Genesis Trading Expert,49 USD,76%,Profit/Month: 12%,0,0 USD,12,272,58%,30%
MagnumFX,30 USD,74%,Profit/Month: 3%,0,0 USD,48,162,67%,24%
Night Trader EURUSD ICMARKETS,20 USD,100%,Profit/Month: 4%,0,0 USD,200,1 509,87%,32%
Kraken,30 USD,74%,Profit/Month: 2%,0,0 USD,194,1 567,52%,14%
Gu Grid Pro,40 USD,183%,Profit/Month: -34%,1,48K USD,17,1 188,80%,51%
WallStreet Recovery PRO,390 USD,256%,Profit/Month: 0%,0,0 USD,114,689,86%,27%
Tesla,30 USD,89%,Profit/Month: 11%,0,0 USD,29,763,77%,36%
IN Trading Team,200 USD,136%,Profit/Month: 10%,0,0 USD,22,2 892,80%,20%
M7 Low Risk,40 USD,72%,Profit/Month: 8%,2,2.6K USD,40,1 576,66%,33%
Roma123,30 USD,72%,Profit/Month: 2%,0,0 USD,46,1 426,71%,12%
NightXploiter,30 USD,79%,Profit/Month: 1%,0,0 USD,130,3 907,84%,23%
Q89526881,30 USD,71%,Profit/Month: -7%,0,0 USD,45,575,63%,10%
DTC 995x5,50 USD,71%,Profit/Month: 7%,0,0 USD,34,508,69%,11%
EA0025,30 USD,74%,Profit/Month: 32%,0,0 USD,14,59,76%,36%
ICMarkets NYCloseTradingM,30 USD,70%,Profit/Month: 1%,0,0 USD,148,521,71%,21%
Cmartmike,30 USD,71%,Profit/Month: 16%,0,0 USD,16,174,68%,23%
NS earnsPRO 53041121,30 USD,72%,Profit/Month: 10%,0,0 USD,27,3 561,69%,40%
Big Turtle,30 USD,70%,Profit/Month: -2%,0,0 USD,64,223,73%,10%
MySistem2,30 USD,70%,Profit/Month: -11%,0,0 USD,68,1 091,62%,38%
Spirit,30 USD,108%,Profit/Month: 17%,0,0 USD,50,258,75%,48%
ICMARKETS 669,30 USD,74%,Profit/Month: 1%,2,149 USD,154,2 722,79%,2%
ArgoProbarsar XM micro,35 USD,77%,Profit/Month: 10%,0,0 USD,18,499,65%,21%
Z NaiPping,30 USD,70%,Profit/Month: -8%,0,0 USD,12,133,69%,21%
Easy Gerkules,30 USD,74%,Profit/Month: 7%,0,0 USD,23,225,44%,43%
Genesis Aggressive Trader,49 USD,76%,Profit/Month: 23%,0,0 USD,10,234,60%,25%
Daisy Cutter Swing,45 USD,79%,Profit/Month: -1%,0,0 USD,129,1 242,81%,14%
IDOpen,30 USD,68%,Profit/Month: 5%,0,0 USD,127,1 286,61%,30%
Eternity RUB,30 USD,153%,Profit/Month: 1%,0,0 USD,54,153,75%,44%
Signal Long Term 01,30 USD,77%,Profit/Month: 6%,0,0 USD,29,457,70%,45%
DWX420,40 USD,68%,Profit/Month: -4%,0,0 USD,179,21 708,49%,35%
STR Pantura,30 USD,69%,Profit/Month: 11%,0,0 USD,15,136,58%,14%
TTC,30 USD,143%,Profit/Month: 13%,0,0 USD,14,3 270,61%,19%
FX PAMM 2,31 USD,103%,Profit/Month: 0%,0,0 USD,99,1 429,86%,33%
Quantitative Trading PLS,30 USD,87%,Profit/Month: 27%,0,0 USD,29,526,64%,47%
SureProfit,30 USD,69%,Profit/Month: 5%,0,0 USD,25,3 602,69%,11%
BLACK BOX TRADING,44 USD,181%,Profit/Month: 22%,0,0 USD,15,313,67%,36%
DgEkvaAF,35 USD,67%,Profit/Month: 1%,0,0 USD,95,1 224,70%,12%
Cornucopia,30 USD,71%,Profit/Month: 32%,0,0 USD,18,642,80%,24%
Robbinns Retirement Fund,30 USD,72%,Profit/Month: 16%,0,0 USD,18,156,83%,34%
KPOPlee1,30 USD,68%,Profit/Month: 10%,0,0 USD,28,2 529,67%,27%
Frero students,400 USD,176%,Profit/Month: 8%,0,0 USD,47,5 645,66%,24%
FOREXPRESS MT4,40 USD,66%,Profit/Month: -20%,1,0 USD,23,362,38%,33%
Profit Fixation F 3,30 USD,92%,Profit/Month: 28%,0,0 USD,8,124,81%,46%
EXECUTOR RUR,30 USD,66%,Profit/Month: 0%,0,0 USD,134,1 351,70%,23%
ResQ MK 1909 Batch 01,75 USD,174%,Profit/Month: 33%,0,0 USD,39,725,67%,51%
Ai Hedge Fund Manager,30 USD,68%,Profit/Month: 2%,1,0 USD,89,2 209,72%,37%
MarketKiller,40 USD,86%,Profit/Month: 45%,0,0 USD,9,599,71%,33%
Edilson Correa trader,30 USD,67%,Profit/Month: -17%,0,0 USD,146,726,79%,34%
TER monumental,108 USD,115%,Profit/Month: 16%,0,0 USD,98,1 195,74%,49%
PierMiDa DAX,30 USD,65%,Profit/Month: 1%,0,0 USD,128,967,47%,13%
Pips Hunter 2nd,30 USD,67%,Profit/Month: 2%,0,0 USD,126,461,83%,27%
OPUS FX,30 USD,65%,Profit/Month: -23%,2,12K USD,30,785,69%,30%
Band Trading,30 USD,72%,Profit/Month: -1%,0,0 USD,57,247,44%,27%
Trade in Darkness,30 USD,66%,Profit/Month: -4%,1,4.3K USD,120,1 223,81%,13%
Mirsong,30 USD,65%,Profit/Month: -2%,0,0 USD,64,5 783,65%,30%
KonokaSystem JP 008,30 USD,64%,Profit/Month: -2%,0,0 USD,66,1 030,59%,13%
Dearlg,30 USD,71%,Profit/Month: 4%,0,0 USD,56,807,79%,44%
EliteTrader119,30 USD,67%,Profit/Month: 16%,0,0 USD,11,330,64%,19%
Morning Fenix,30 USD,64%,Profit/Month: 4%,0,0 USD,40,360,54%,18%
SafeTrading,30 USD,86%,Profit/Month: 5%,0,0 USD,72,1 506,57%,47%
Trend,30 USD,64%,Profit/Month: -21%,0,0 USD,85,801,56%,32%
Quantum Profit v2,30 USD,66%,Profit/Month: 5%,0,0 USD,22,862,69%,6%
Morgo FX,75 USD,70%,Profit/Month: 15%,0,0 USD,8,61,54%,30%
Smart Fibo,30 USD,64%,Profit/Month: -8%,0,0 USD,73,858,79%,26%
Zamiri,30 USD,65%,Profit/Month: 0%,0,0 USD,21,124,49%,19%
Secret Santa,30 USD,36%,Profit/Month: 5%,6,119K USD,30,388,73%,18%
PIAOGUO,50 USD,64%,Profit/Month: -5%,0,0 USD,48,686,77%,40%
R02ICMECN0500,30 USD,155%,Profit/Month: 13%,0,0 USD,51,217,69%,51%
Pandora ZL,9999 USD,172%,Profit/Month: 18%,0,0 USD,12,1 356,68%,29%
